Workbook
Name _: #REF!
Name _??????Þ?_?ª: #N/A
Name _??____?ª: #N/A
Name _??_·¹_??: #N/A
Name _?쾴?: #REF!
Name _?쾴?_?: #REF!
Name _?쾴?___P: #REF!
Name _?쾴?_T: #REF!
Name __?_컛?___i: #REF!
Name __?쾴?: #REF!
Name __?쾴?_?: #REF!
Name __?쾴?___P: #REF!
Name __?쾴?_T: #REF!
Name ___?_컛?___i: #REF!
Name ____?_컛?___i: #REF!
Name _____A20000: #REF!
Name _____A25000: #REF!
Name ____a1: #REF!
Name ____a2: #REF!
Name ____A20000: #REF!
Name ____A25000: #REF!
Name ____a3: #REF!
Name ___10: #REF!
Name ___11: #REF!
Name ___6: #REF!
Name ___7: #REF!
Name ___8: #REF!
Name ___9: #REF!
Name ___a1: #REF!
Name ___a2: #REF!
Name ___A20000: #REF!
Name ___A25000: #REF!
Name ___a3: #REF!
Name ___LS61: #REF!
Name ___LT22: #REF!
Name ___LT220: #REF!
Name ___RAS3: #REF!
Name __1_??: #N/A
Name __2_??????Þ?_?ª: #N/A
Name __3_??____?ª: #N/A
Name __4_??_·¹_??: #N/A
Name __a1: #REF!
Name __a2: #REF!
Name __A20000: #REF!
Name __A25000: #REF!
Name __a3: #REF!
Name __C: #REF!
Name __ELL45: #REF!
Name __ELL90: #REF!
Name __END1: #REF!
Name __END2: #REF!
Name __END3: #REF!
Name __END4: #REF!
Name __LS61: #REF!
Name __LT22: #REF!
Name __LT220: #REF!
Name __RAS3: #REF!
Name __RE100: #REF!
Name __RE104: #REF!
Name __RE112: #REF!

Sheet 물성1
A1: 콘크리트 물성시험 성과표
A3: 공사명 | D3: 다운2지구 B-2BL 공동주택 신축공사 | I3: 시험번호 | L3: =LEFT(O3,8)*1 -> 25120501 | O3: =W3 -> 2512050101 | P3: =O3+1 -> 2512050102 | Q3: =P3+1 -> 2512050103 | T3: =O3+1 -> 2512050102 | U3: =T3+1 -> 2512050103 | W3: =AA4+AB4+AC4+AD5 -> 2512050101 | X3: =HYPERLINK("[사진대지\00_사진대지.xlsm]'물성시험(#1)'!A1","사진대지") -> 사진대지 | AA3: =V9 -> 25 | AB3: 12 | AC3: =X9 -> 5 | AD3: =Y9 -> 1
A4: 배합규격 | I4: 타설량 | O4: =VLOOKUP(O3,[44]구조물별타설현황!$G$7:$AT$18477,6,0) -> 12 | W4: =TEXT(LEFT(W3,8),"@") -> 25120501 | AA4: =AA3*100000000 -> 2500000000 | AB4: =AB3*1000000 -> 12000000 | AC4: =AC3*10000 -> 50000 | AD4: 1
A5: 타설일자 | I5: 타설시간 | L5: =VLOOKUP(O3,[44]구조물별타설현황!$G$7:$AT$18477,10,0) -> 1331 | M5: ~ | N5: =VLOOKUP(O3,[44]구조물별타설현황!$G$7:$AT$18477,11,0) -> 1356 | W5: =LEFT(W3,6) -> 251205 | X5: =HYPERLINK("사진\"&W5,"사진폴더열기") -> 사진폴더열기 | AD5: =AD4*100+1 -> 101
A6: 시공부위 | I6: 납품업체 | V6: =DATE((V9+2000),W9,X9) -> 45996
A8: 시 험 결 과 | V8: 년도 (직접입력) | W8: 월 | X8: 일 | Y8: 시험번호 | Z8: 총시험횟수
A9: 1. 슬럼프 또는 슬럼프플로시험 | J9: 염화물 기록지 | V9: 25 | W9: 12 | X9: 5 | Y9: =AD4 -> 1 | Z9: =ROUNDUP(L4/120,0) -> 0
A10: 측정번호 | D10: ① | F10: ② | H10: ③ | J10: =D10 -> ①
A11: 측정치(㎜) | F11: =IFERROR(VLOOKUP(P3,[44]구조물별타설현황!$G$7:$AT$18477,12,0),"") | H11: =IFERROR(VLOOKUP(Q3,[44]구조물별타설현황!$G$7:$AT$18477,12,0),"") | AE11: 5 | AF11: =AE11*100 -> 500
A12: 품질기준 | D12: =RIGHT(D4,3)&"±25㎜" -> ±25㎜ | H12: =IF(OR((H11=0),(H11="")),"",RIGHT($D$4,2)&"0±25㎜") | Q12: 쌍용 | R12: 쌍용레미콘㈜
A13: 판정 | D13: 적합 | F13: =IF(OR((F11=0),(F11="")),"","적합") | H13: =IF(OR((H11=0),(H11="")),"","적합") | Q13: 한라 | R13: 한라엔컴㈜
A14: 2. 공기량 시험 | Q14: 동양 | R14: ㈜동양
A15: 측정번호 | D15: =D10 -> ① | F15: =F10 -> ② | H15: =H10 -> ③ | Q15: 용호 | R15: 용호산업㈜
A16: 겉보기공기량(%) | F16: =IFERROR(VLOOKUP(P3,[44]구조물별타설현황!$G$7:$AT$18477,13,0)/10,"") | H16: =IFERROR(VLOOKUP(Q3,[44]구조물별타설현황!$G$7:$AT$18477,13,0)/10,"") | Q16: 영진 | R16: 영진레미콘아스콘㈜
A17: 골재수정계수(%) | D17: 0.2 | F17: =IF(OR((F11=0),(F11="")),"",0.2) | H17: =IF(OR((H11=0),(H11="")),"",0.2) | Q17: 대원 | R17: ㈜대원레미콘
A18: 공기량(%) | D18: =LEFT(D16,3)-D17 -> #VALUE! | F18: =IFERROR(F16-F17,"") | H18: =IFERROR(H16-H17,"") | Q18: 울산 | R18: 울산레미콘㈜
A19: 품질기준 | D19: 4.5±1.5% | F19: =IF(OR((F11=0),(F11="")),"","4.5±1.5%") | H19: =IF(OR((H11=0),(H11="")),"","4.5±1.5%") | J19: =F15 -> ② | Q19: 한진 | R19: 한진레미콘㈜
A20: 판정 | D20: 적합 | F20: =IF(OR((F11=0),(F11="")),"","적합") | H20: =IF(OR((H11=0),(H11="")),"","적합") | Q20: 신우 | R20: 신우레미콘㈜
A21: 3. 단위수량 시험 | Q21: 대성 | R21: 대성레미콘㈜ | W21: =293+42 -> 335
A22: 측정번호 | D22: =D10 -> ① | F22: =F10 -> ② | H22: =H10 -> ③ | Q22: 대공 | R22: ㈜대공
A23: 단위수량 (㎏/㎥) | F23: =IFERROR(VLOOKUP(P3,[44]구조물별타설현황!$G$7:$AT$18477,25,0),"") | H23: =IFERROR(VLOOKUP(Q3,[44]구조물별타설현황!$G$7:$AT$18477,25,0),"") | R23: =(VLOOKUP(O3,[44]구조물별타설현황!$G$7:$AT$18477,8,0)) -> 용호
A24: 품질기준 | D24: 175±20 | F24: =IF(OR((F11=0),(F11="")),"",$S$24&"±20㎏/㎥이내") | H24: =IF(OR((H11=0),(H11="")),"",$S$24&"±20㎏/㎥이내") | Q24: 1812 | R24: 7 | S24: =INDIRECT(R23&"!"&ADDRESS(VLOOKUP(D4,$Q$24:$R$32,2,0),12)) -> #N/A
A25: 판정 | D25: 적합 | F25: =IF(OR((F11=0),(F11="")),"","적합") | H25: =IF(OR((H11=0),(H11="")),"","적합") | Q25: 1815 | R25: 8
A26: 4. 염화물 함유량 시험 | Q26: 2118 | R26: 9
A27: 측정번호 | D27: =D15 -> ① | F27: =F15 -> ② | H27: =H15 -> ③ | Q27: 2412 | R27: 10
A28: 단위수량 (㎏/㎥) | D28: =D23 -> 0 | F28: =IF(OR((F11=0),(F11="")),"",$S$24) | H28: =IF(OR((H11=0),(H11="")),"",$S$24) | J28: =H27 -> ③ | Q28: 2415 | R28: 11
A29: 측정결과 (㎏/㎥) | F29: =IFERROR(VLOOKUP(P3,[44]구조물별타설현황!$G$7:$AT$18477,14,0)/1000,"") | H29: =IFERROR(VLOOKUP(Q3,[44]구조물별타설현황!$G$7:$AT$18477,14,0)/1000,"") | Q29: 2712 | R29: 12
A30: 품질기준 | D30: 0.3 ㎏/㎥이하 | F30: =IF(OR((F11=0),(F11="")),"","0.3 ㎏/㎥이하") | H30: =IF(OR((H11=0),(H11="")),"","0.3 ㎏/㎥이하") | Q30: 2715 | R30: 13
A31: 판정 | D31: 적합 | F31: =IF(OR((F11=0),(F11="")),"","적합") | H31: =IF(OR((H11=0),(H11="")),"","적합") | Q31: 3015 | R31: 14
A32: 5. 온도 | Q32: 3018 | R32: 15
A33: 측정번호 | D33: =D27 -> ① | F33: =F27 -> ② | H33: =H27 -> ③
A34: 측정치℃) | F34: =IFERROR(VLOOKUP(P3,[44]구조물별타설현황!$G$7:$AT$18477,15,0)/10,"") | H34: =IFERROR(VLOOKUP(Q3,[44]구조물별타설현황!$G$7:$AT$18477,15,0)/10,"")
A35: 품질기준 | D35: 10 ~ 35℃ | F35: =IF(OR((F11=0),(F11="")),"","10 ~ 35℃") | H35: =IF(OR((H11=0),(H11="")),"","10 ~ 35℃")
A36: 판정 | D36: 적합 | F36: =IF(OR((F11=0),(F11="")),"","적합") | H36: =IF(OR((H11=0),(H11="")),"","적합")
A38: 【 비 고 】
A39: 시험 방법은 KS F 2402, KS F 2421, KS F 4009, KS Q 5002, KCI RM 101에 따른다
A41: 시험자 | B41: ="품질관리자 "&Q41 -> 품질관리자 박대규 | F41: (서명) | G41: 확인자 | H41: ="감독(감리)자 "&$R$41 -> 감독(감리)자 이홍걸 | L41: (서명) | M41: 일자 | Q41: =VLOOKUP(O3,[44]구조물별타설현황!$G$7:$AT$18477,17,0) -> 박대규 | R41: =VLOOKUP(O3,[44]구조물별타설현황!$G$7:$AT$18477,21,0) -> 이홍걸

Sheet 물성시험(#1)
A1: 굳지 않은 콘크리트 시험 사진 대지
N3: 2715 | O3: =물성1!D5 -> 0 | P3: =MOD(YEAR(G5),100)*10000+MONTH(G5)*100+DAY(G5) -> 100
P4: =HYPERLINK("\\woomi\woomi\9. 품질\QBB03구조물별타설현황\사진\"&P3,"사진폴더열기") -> 사진폴더열기
A5: 슬럼프/공기량/염분함유량 시험전경 | G5: =O3 -> 0
A9: =N3 -> 2715 | G9: =G5 -> 0
